input_file,Output path,PAM Orientation,Spacer length,PAM Sequence,output,flag,username,timestamp
/Users/vivek/Downloads/Standalone/flagged/input_file/1ab43d28b6e3e45fcb6c3257a1fcc38ae382f79c/eGFP.fasta,eGFP.SaCas9.tab,21,NNGRRT,3,"PAM sequence has invalid characters. PAM sequence must only contain A,C,T,G,K,M,R,Y,S,W,B,V,H,D,N",,,2023-06-29 01:10:13.479803
/Users/vivek/Downloads/Standalone/flagged/Input File/0b60a33b62add4fdf9074df7c93d3fb313cf70c7/eGFP.fasta,eGFP.SpCas9.tab,3,20,NGG,"SeqID	Sequence	Score
eGFP_Plus_9	AAGGGCGAGGAGCTGTTCACCGG	-0.8886098703637032
eGFP_Plus_35	GGTGCCCATCCTGGTCGAGCTGG	1.1867624250265618
eGFP_Plus_72	GGCCACAAGTTCAGCGTGTCCGG	-1.634611695630896
eGFP_Plus_99	GGCGAGGGCGATGCCACCTACGG	1.0302039729142334
eGFP_Plus_132	CTGAAGTTCATCTGCACCACCGG	-2.2614679529687804
eGFP_Plus_180	CTCGTGACCACCCTGACCTACGG	-1.2223424626544737
eGFP_Plus_252	TTCAAGTCCGCCATGCCCGAAGG	1.1278059786272796
eGFP_Plus_284	GGAGCGCACCATCTTCTTCAAGG	0.39823486838665223
eGFP_Plus_314	CAACTACAAGACCCGCGCCGAGG	3.553181312966823
eGFP_Plus_338	GAAGTTCGAGGGCGACACCCTGG	1.3579649613843796
eGFP_Plus_374	GCTGAAGGGCATCGACTTCAAGG	-1.418947595411383
eGFP_Plus_404	CAACATCCTGGGGCACAAGCTGG	0.4015580672060718
eGFP_Plus_440	CAGCCACAACGTCTATATCATGG	-2.636539362440709
eGFP_Plus_467	CAAGCAGAAGAACGGCATCAAGG	0.42814924657649767
eGFP_Plus_497	CAAGATCCGCCACAACATCGAGG	2.1549585413078307
eGFP_Plus_546	TACCAGCAGAACACCCCCATCGG	-0.039422224682192586
eGFP_Plus_635	CAACGAGAAGCGCGATCACATGG	-1.3192441905169061
eGFP_Plus_663	CTGGAGTTCGTGACCGCCGCCGG	0.17022201372483214
eGFP_Minus_28	GACCAGGATGGGCACCACCCCGG	1.1300648517658893
eGFP_Minus_74	CGCCGGACACGCTGAACTTGTGG	-1.3519750788196432
eGFP_Minus_112	CAGGGTCAGCTTGCCGTAGGTGG	2.01251028263191
eGFP_Minus_148	GGGCACGGGCAGCTTGCCGGTGG	3.1096395170948576
eGFP_Minus_174	GTCAGGGTGGTCACGAGGGTGGG	-0.028914498231992547
eGFP_Minus_218	GCTTCATGTGGTCGGGGTAGCGG	-0.5480355866350411
eGFP_Minus_259	GACGTAGCCTTCGGGCATGGCGG	0.7241021630819903
eGFP_Minus_292	GCCGTCGTCCTTGAAGAAGATGG	-1.1738890646493743
eGFP_Minus_325	CTCGAACTTCACCTCGGCGCGGG	0.45938839089970107
eGFP_Minus_355	CAGCTCGATGCGGTTCACCAGGG	-0.061440446336309074
eGFP_Minus_410	TGTACTCCAGCTTGTGCCCCAGG	0.18956219721090262
eGFP_Minus_443	CGGCCATGATATAGACGTTGTGG	-0.3735879372211116
eGFP_Minus_503	TGCCGTCCTCGATGTTGTGGCGG	0.6252698291777804
eGFP_Minus_538	GGTGTTCTGCTGGTAGTGGTCGG	-1.5242614533946308
eGFP_Minus_561	AGCACGGGGCCGTCGCCGATGGG	-1.0487287259021527
eGFP_Minus_588	GTGCTCAGGTAGTGGTTGTCGGG	-3.2981548582014475
eGFP_Minus_611	GGTCTTTGCTCAGGGCGGACTGG	0.061312282390977635
eGFP_Minus_634	CATGTGATCGCGCTTCTCGTTGG	-1.5342649261876349
eGFP_Minus_659	CGGCGGTCACGAACTCCAGCAGG	0.7544680766471185
eGFP_Minus_682	GTCCATGCCGAGAGTGATCCCGG	-1.0089228087943467
eGFP_Plus_10	AGGGCGAGGAGCTGTTCACCGGG	-1.806818456339156
eGFP_Plus_11	GGGCGAGGAGCTGTTCACCGGGG	2.575095846268836
eGFP_Plus_14	CGAGGAGCTGTTCACCGGGGTGG	2.656203038269457
eGFP_Plus_39	CCCATCCTGGTCGAGCTGGACGG	-0.23731268478125644
eGFP_Plus_26	CACCGGGGTGGTGCCCATCCTGG	-0.5669951502194529
eGFP_Plus_51	GAGCTGGACGGCGACGTAAACGG	-1.2863376590778528
eGFP_Plus_77	CAAGTTCAGCGTGTCCGGCGAGG	2.81686998019368
eGFP_Minus_40	GCCGTCCAGCTCGACCAGGATGG	1.5706410858398674
eGFP_Minus_44	CGTCGCCGTCCAGCTCGACCAGG	2.030824442199226
eGFP_Minus_91	GGCATCGCCCTCGCCCTCGCCGG	1.2321840445234504
eGFP_Minus_115	CTTCAGGGTCAGCTTGCCGTAGG	-0.5852763541960627
eGFP_Plus_78	AAGTTCAGCGTGTCCGGCGAGGG	0.4735981907522703
eGFP_Plus_83	CAGCGTGTCCGGCGAGGGCGAGG	1.005193407166049
eGFP_Plus_84	AGCGTGTCCGGCGAGGGCGAGGG	0.6679737350695397
eGFP_Minus_130	GGTGGTGCAGATGAACTTCAGGG	-0.11350039092455477
eGFP_Minus_162	ACGAGGGTGGGCCAGGGCACGGG	-0.23064267380751036
eGFP_Minus_187	CTGCACGCCGTAGGTCAGGGTGG	1.5383503490441623
eGFP_Minus_131	CGGTGGTGCAGATGAACTTCAGG	-2.6273861051648715
eGFP_Plus_151	CCGGCAAGCTGCCCGTGCCCTGG	-0.4691435742079083
eGFP_Minus_163	CACGAGGGTGGGCCAGGGCACGG	0.5433484782506305
eGFP_Minus_168	GTGGTCACGAGGGTGGGCCAGGG	0.1864969502607664
eGFP_Minus_191	AGCACTGCACGCCGTAGGTCAGG	-0.47795667376158024
eGFP_Minus_169	GGTGGTCACGAGGGTGGGCCAGG	2.3059929879896424
eGFP_Minus_196	GCTGAAGCACTGCACGCCGTAGG	0.06228163407380227
eGFP_Minus_224	CGTGCTGCTTCATGTGGTCGGGG	1.206128669130321
eGFP_Minus_175	GGTCAGGGTGGTCACGAGGGTGG	3.019380692166069
eGFP_Minus_178	GTAGGTCAGGGTGGTCACGAGGG	1.2167049273250492
eGFP_Minus_179	CGTAGGTCAGGGTGGTCACGAGG	1.1708016393298828
eGFP_Minus_190	GCACTGCACGCCGTAGGTCAGGG	0.13243162755622462
eGFP_Minus_225	TCGTGCTGCTTCATGTGGTCGGG	-1.2339954540393872
eGFP_Minus_226	GTCGTGCTGCTTCATGTGGTCGG	-2.9023208360514885
eGFP_Minus_230	AGAAGTCGTGCTGCTTCATGTGG	1.7730103077170623
eGFP_Plus_263	CATGCCCGAAGGCTACGTCCAGG	1.0245433604310894
eGFP_Plus_291	ACCATCTTCTTCAAGGACGACGG	0.2519827937592648
eGFP_Minus_262	CTGGACGTAGCCTTCGGGCATGG	-0.49392093935180414
eGFP_Minus_267	CGCTCCTGGACGTAGCCTTCGGG	-2.1138187692174575
eGFP_Minus_268	GCGCTCCTGGACGTAGCCTTCGG	-2.4004962212535133
eGFP_Minus_281	TGAAGAAGATGGTGCGCTCCTGG	-0.8927025123968356
eGFP_Plus_326	CCGCGCCGAGGTGAAGTTCGAGG	0.34185053004473287
eGFP_Plus_359	GGTGAACCGCATCGAGCTGAAGG	-0.9116037053681773
eGFP_Plus_392	CAAGGAGGACGGCAACATCCTGG	-0.19075860640190323
eGFP_Plus_327	CGCGCCGAGGTGAAGTTCGAGGG	0.12497914199288329
eGFP_Minus_331	GTCGCCCTCGAACTTCACCTCGG	0.31669324450778047
eGFP_Minus_356	TCAGCTCGATGCGGTTCACCAGG	-0.34365491757815614
eGFP_Minus_365	CGATGCCCTTCAGCTCGATGCGG	2.6581282947752043
eGFP_Plus_360	GTGAACCGCATCGAGCTGAAGGG	0.269774790682915
eGFP_Plus_377	GAAGGGCATCGACTTCAAGGAGG	4.540595675947806
eGFP_Plus_381	GGCATCGACTTCAAGGAGGACGG	1.2927458073677305
eGFP_Plus_393	AAGGAGGACGGCAACATCCTGGG	-0.5461768246361306
eGFP_Plus_394	AGGAGGACGGCAACATCCTGGGG	2.129205010420512
eGFP_Plus_459	ATGGCCGACAAGCAGAAGAACGG	0.14806661474063743
eGFP_Minus_463	GATGCCGTTCTTCTGCTTGTCGG	-2.5417010054773157
eGFP_Plus_501	ATCCGCCACAACATCGAGGACGG	2.346953345544622
eGFP_Minus_506	CGCTGCCGTCCTCGATGTTGTGG	-0.951173217734382
eGFP_Minus_542	TGGGGGTGTTCTGCTGGTAGTGG	0.16703730507725856
eGFP_Minus_575	GGTTGTCGGGCAGCAGCACGGGG	3.6919278885890976
eGFP_Minus_602	TCAGGGCGGACTGGGTGCTCAGG	0.13321286126807974
eGFP_Minus_632	TGTGATCGCGCTTCTCGTTGGGG	1.3444589170967736
eGFP_Minus_548	CGCCGATGGGGGTGTTCTGCTGG	-3.206305112102464
eGFP_Plus_552	CAGAACACCCCCATCGGCGACGG	1.7369961000092293
eGFP_Minus_559	CACGGGGCCGTCGCCGATGGGGG	2.295205653201745
eGFP_Minus_560	GCACGGGGCCGTCGCCGATGGGG	2.2842528141108027
eGFP_Minus_562	CAGCACGGGGCCGTCGCCGATGG	0.750287476946179
eGFP_Minus_576	TGGTTGTCGGGCAGCAGCACGGG	-1.5439880117869467
eGFP_Minus_577	GTGGTTGTCGGGCAGCAGCACGG	-0.2825752173482329
eGFP_Minus_589	GGTGCTCAGGTAGTGGTTGTCGG	-0.5924170333225242
eGFP_Minus_616	GTTGGGGTCTTTGCTCAGGGCGG	2.625106209336862
eGFP_Minus_596	CGGACTGGGTGCTCAGGTAGTGG	0.15375681690837195
eGFP_Minus_619	CTCGTTGGGGTCTTTGCTCAGGG	-2.526013411542125
eGFP_Minus_610	GTCTTTGCTCAGGGCGGACTGGG	-1.8859722165719766
eGFP_Minus_633	ATGTGATCGCGCTTCTCGTTGGG	-4.554985857908493
eGFP_Minus_620	TCTCGTTGGGGTCTTTGCTCAGG	-1.4665276959642006
eGFP_Plus_644	GCGCGATCACATGGTCCTGCTGG	-1.5875750995955449
eGFP_Plus_675	ACCGCCGCCGGGATCACTCTCGG	-1.3623832739528932
eGFP_Minus_676	GCCGAGAGTGATCCCGGCGGCGG	3.810826396504823
eGFP_Plus_664	TGGAGTTCGTGACCGCCGCCGGG	0.5833977064625188
eGFP_Plus_680	CGCCGGGATCACTCTCGGCATGG	0.7720713210596685
eGFP_Minus_679	CATGCCGAGAGTGATCCCGGCGG	3.0356565352483913
",,,2023-06-29 01:30:54.026649
